-- phpMyAdmin SQL Dump
-- version 4.5.4.1deb2ubuntu2
-- http://www.phpmyadmin.net
--
-- Host: localhost
-- Generation Time: Apr 18, 2017 at 04:53 PM
-- Server version: 5.7.17-0ubuntu0.16.04.1
-- PHP Version: 7.0.15-0ubuntu0.16.04.4

SET SQL_MODE = "NO_AUTO_VALUE_ON_ZERO";
SET time_zone = "+00:00";

/*!40101 SET @OLD_CHARACTER_SET_CLIENT=@@CHARACTER_SET_CLIENT */;
/*!40101 SET @OLD_CHARACTER_SET_RESULTS=@@CHARACTER_SET_RESULTS */;
/*!40101 SET @OLD_COLLATION_CONNECTION=@@COLLATION_CONNECTION */;
/*!40101 SET NAMES utf8 */;
-- Should this be utf8mb4?
/*!40103 SET @OLD_TIME_ZONE=@@TIME_ZONE */;
/*!40103 SET TIME_ZONE='+00:00' */;
/*!40014 SET @OLD_UNIQUE_CHECKS=@@UNIQUE_CHECKS, UNIQUE_CHECKS=0 */;
/*!40014 SET @OLD_FOREIGN_KEY_CHECKS=@@FOREIGN_KEY_CHECKS, FOREIGN_KEY_CHECKS=0 */;
/*!40101 SET @OLD_SQL_MODE=@@SQL_MODE, SQL_MODE='NO_AUTO_VALUE_ON_ZERO' */;
/*!40111 SET @OLD_SQL_NOTES=@@SQL_NOTES, SQL_NOTES=0 */;

--
-- Database: `languagedepot`
--

--
-- Table structure for table `attachments`
--

DROP TABLE IF EXISTS `attachments`;
/*!40101 SET @saved_cs_client     = @@character_set_client */;
/*!40101 SET character_set_client = utf8 */;
CREATE TABLE `attachments` (
  `id` int(11) NOT NULL AUTO_INCREMENT,
  `container_id` int(11) NOT NULL DEFAULT '0',
  `container_type` varchar(30) NOT NULL DEFAULT '',
  `filename` varchar(255) NOT NULL DEFAULT '',
  `disk_filename` varchar(255) NOT NULL DEFAULT '',
  `filesize` int(11) NOT NULL DEFAULT '0',
  `content_type` varchar(255) DEFAULT '',
  `digest` varchar(40) NOT NULL DEFAULT '',
  `downloads` int(11) NOT NULL DEFAULT '0',
  `author_id` int(11) NOT NULL DEFAULT '0',
  `created_on` datetime DEFAULT NULL,
  `description` varchar(255) DEFAULT NULL,
  PRIMARY KEY (`id`)
) ENGINE=InnoDB AUTO_INCREMENT=238 DEFAULT CHARSET=utf8;
/*!40101 SET character_set_client = @saved_cs_client */;

--
-- Table structure for table `auth_sources`
--

DROP TABLE IF EXISTS `auth_sources`;
/*!40101 SET @saved_cs_client     = @@character_set_client */;
/*!40101 SET character_set_client = utf8 */;
CREATE TABLE `auth_sources` (
  `id` int(11) NOT NULL AUTO_INCREMENT,
  `type` varchar(30) NOT NULL DEFAULT '',
  `name` varchar(60) NOT NULL DEFAULT '',
  `host` varchar(60) DEFAULT NULL,
  `port` int(11) DEFAULT NULL,
  `account` varchar(255) DEFAULT NULL,
  `account_password` varchar(60) DEFAULT NULL,
  `base_dn` varchar(255) DEFAULT NULL,
  `attr_login` varchar(30) DEFAULT NULL,
  `attr_firstname` varchar(30) DEFAULT NULL,
  `attr_lastname` varchar(30) DEFAULT NULL,
  `attr_mail` varchar(30) DEFAULT NULL,
  `onthefly_register` tinyint(1) NOT NULL DEFAULT '0',
  `tls` tinyint(1) NOT NULL DEFAULT '0',
  PRIMARY KEY (`id`)
) ENGINE=InnoDB DEFAULT CHARSET=utf8;
/*!40101 SET character_set_client = @saved_cs_client */;

--
-- Table structure for table `boards`
--

DROP TABLE IF EXISTS `boards`;
/*!40101 SET @saved_cs_client     = @@character_set_client */;
/*!40101 SET character_set_client = utf8 */;
CREATE TABLE `boards` (
  `id` int(11) NOT NULL AUTO_INCREMENT,
  `project_id` int(11) NOT NULL,
  `name` varchar(255) NOT NULL DEFAULT '',
  `description` varchar(255) DEFAULT NULL,
  `position` int(11) DEFAULT '1',
  `topics_count` int(11) NOT NULL DEFAULT '0',
  `messages_count` int(11) NOT NULL DEFAULT '0',
  `last_message_id` int(11) DEFAULT NULL,
  PRIMARY KEY (`id`),
  KEY `boards_project_id` (`project_id`)
) ENGINE=InnoDB AUTO_INCREMENT=13 DEFAULT CHARSET=utf8;
/*!40101 SET character_set_client = @saved_cs_client */;

--
-- Table structure for table `changes`
--

DROP TABLE IF EXISTS `changes`;
/*!40101 SET @saved_cs_client     = @@character_set_client */;
/*!40101 SET character_set_client = utf8 */;
CREATE TABLE `changes` (
  `id` int(11) NOT NULL AUTO_INCREMENT,
  `changeset_id` int(11) NOT NULL,
  `action` varchar(1) NOT NULL DEFAULT '',
  `path` varchar(255) NOT NULL DEFAULT '',
  `from_path` varchar(255) DEFAULT NULL,
  `from_revision` varchar(255) DEFAULT NULL,
  `revision` varchar(255) DEFAULT NULL,
  `branch` varchar(255) DEFAULT NULL,
  PRIMARY KEY (`id`),
  KEY `changesets_changeset_id` (`changeset_id`)
) ENGINE=InnoDB AUTO_INCREMENT=965024 DEFAULT CHARSET=utf8;
/*!40101 SET character_set_client = @saved_cs_client */;

--
-- Table structure for table `changesets`
--

DROP TABLE IF EXISTS `changesets`;
/*!40101 SET @saved_cs_client     = @@character_set_client */;
/*!40101 SET character_set_client = utf8 */;
CREATE TABLE `changesets` (
  `id` int(11) NOT NULL AUTO_INCREMENT,
  `repository_id` int(11) NOT NULL,
  `revision` varchar(255) NOT NULL,
  `committer` varchar(255) DEFAULT NULL,
  `committed_on` datetime NOT NULL,
  `comments` text,
  `commit_date` date DEFAULT NULL,
  `scmid` varchar(255) DEFAULT NULL,
  `user_id` int(11) DEFAULT NULL,
  PRIMARY KEY (`id`),
  UNIQUE KEY `changesets_repos_rev` (`repository_id`,`revision`)
) ENGINE=InnoDB AUTO_INCREMENT=98396 DEFAULT CHARSET=utf8;
/*!40101 SET character_set_client = @saved_cs_client */;

--
-- Table structure for table `changesets_issues`
--

DROP TABLE IF EXISTS `changesets_issues`;
/*!40101 SET @saved_cs_client     = @@character_set_client */;
/*!40101 SET character_set_client = utf8 */;
CREATE TABLE `changesets_issues` (
  `changeset_id` int(11) NOT NULL,
  `issue_id` int(11) NOT NULL,
  UNIQUE KEY `changesets_issues_ids` (`changeset_id`,`issue_id`)
) ENGINE=InnoDB DEFAULT CHARSET=utf8;
/*!40101 SET character_set_client = @saved_cs_client */;

--
-- Table structure for table `comments`
--

DROP TABLE IF EXISTS `comments`;
/*!40101 SET @saved_cs_client     = @@character_set_client */;
/*!40101 SET character_set_client = utf8 */;
CREATE TABLE `comments` (
  `id` int(11) NOT NULL AUTO_INCREMENT,
  `commented_type` varchar(30) NOT NULL DEFAULT '',
  `commented_id` int(11) NOT NULL DEFAULT '0',
  `author_id` int(11) NOT NULL DEFAULT '0',
  `comments` text,
  `created_on` datetime NOT NULL,
  `updated_on` datetime NOT NULL,
  PRIMARY KEY (`id`)
) ENGINE=InnoDB AUTO_INCREMENT=2 DEFAULT CHARSET=utf8;
/*!40101 SET character_set_client = @saved_cs_client */;

--
-- Table structure for table `custom_fields`
--

DROP TABLE IF EXISTS `custom_fields`;
/*!40101 SET @saved_cs_client     = @@character_set_client */;
/*!40101 SET character_set_client = utf8 */;
CREATE TABLE `custom_fields` (
  `id` int(11) NOT NULL AUTO_INCREMENT,
  `type` varchar(30) NOT NULL DEFAULT '',
  `name` varchar(30) NOT NULL DEFAULT '',
  `field_format` varchar(30) NOT NULL DEFAULT '',
  `possible_values` text,
  `regexp` varchar(255) DEFAULT '',
  `min_length` int(11) NOT NULL DEFAULT '0',
  `max_length` int(11) NOT NULL DEFAULT '0',
  `is_required` tinyint(1) NOT NULL DEFAULT '0',
  `is_for_all` tinyint(1) NOT NULL DEFAULT '0',
  `is_filter` tinyint(1) NOT NULL DEFAULT '0',
  `position` int(11) DEFAULT '1',
  `searchable` tinyint(1) DEFAULT '0',
  `default_value` text,
  PRIMARY KEY (`id`)
) ENGINE=InnoDB DEFAULT CHARSET=utf8;
/*!40101 SET character_set_client = @saved_cs_client */;

--
-- Table structure for table `custom_fields_projects`
--

DROP TABLE IF EXISTS `custom_fields_projects`;
/*!40101 SET @saved_cs_client     = @@character_set_client */;
/*!40101 SET character_set_client = utf8 */;
CREATE TABLE `custom_fields_projects` (
  `custom_field_id` int(11) NOT NULL DEFAULT '0',
  `project_id` int(11) NOT NULL DEFAULT '0'
) ENGINE=InnoDB DEFAULT CHARSET=utf8;
/*!40101 SET character_set_client = @saved_cs_client */;

--
-- Table structure for table `custom_fields_trackers`
--

DROP TABLE IF EXISTS `custom_fields_trackers`;
/*!40101 SET @saved_cs_client     = @@character_set_client */;
/*!40101 SET character_set_client = utf8 */;
CREATE TABLE `custom_fields_trackers` (
  `custom_field_id` int(11) NOT NULL DEFAULT '0',
  `tracker_id` int(11) NOT NULL DEFAULT '0'
) ENGINE=InnoDB DEFAULT CHARSET=utf8;
/*!40101 SET character_set_client = @saved_cs_client */;

--
-- Table structure for table `custom_values`
--

DROP TABLE IF EXISTS `custom_values`;
/*!40101 SET @saved_cs_client     = @@character_set_client */;
/*!40101 SET character_set_client = utf8 */;
CREATE TABLE `custom_values` (
  `id` int(11) NOT NULL AUTO_INCREMENT,
  `customized_type` varchar(30) NOT NULL DEFAULT '',
  `customized_id` int(11) NOT NULL DEFAULT '0',
  `custom_field_id` int(11) NOT NULL DEFAULT '0',
  `value` text,
  PRIMARY KEY (`id`),
  KEY `custom_values_customized` (`customized_type`,`customized_id`)
) ENGINE=InnoDB DEFAULT CHARSET=utf8;
/*!40101 SET character_set_client = @saved_cs_client */;

--
-- Table structure for table `documents`
--

DROP TABLE IF EXISTS `documents`;
/*!40101 SET @saved_cs_client     = @@character_set_client */;
/*!40101 SET character_set_client = utf8 */;
CREATE TABLE `documents` (
  `id` int(11) NOT NULL AUTO_INCREMENT,
  `project_id` int(11) NOT NULL DEFAULT '0',
  `category_id` int(11) NOT NULL DEFAULT '0',
  `title` varchar(60) NOT NULL DEFAULT '',
  `description` text,
  `created_on` datetime DEFAULT NULL,
  PRIMARY KEY (`id`),
  KEY `documents_project_id` (`project_id`)
) ENGINE=InnoDB AUTO_INCREMENT=10 DEFAULT CHARSET=utf8;
/*!40101 SET character_set_client = @saved_cs_client */;

--
-- Table structure for table `enabled_modules`
--

DROP TABLE IF EXISTS `enabled_modules`;
/*!40101 SET @saved_cs_client     = @@character_set_client */;
/*!40101 SET character_set_client = utf8 */;
CREATE TABLE `enabled_modules` (
  `id` int(11) NOT NULL AUTO_INCREMENT,
  `project_id` int(11) DEFAULT NULL,
  `name` varchar(255) NOT NULL,
  PRIMARY KEY (`id`),
  KEY `enabled_modules_project_id` (`project_id`)
) ENGINE=InnoDB AUTO_INCREMENT=6216 DEFAULT CHARSET=utf8;
/*!40101 SET character_set_client = @saved_cs_client */;

--
-- Table structure for table `enumerations`
--

DROP TABLE IF EXISTS `enumerations`;
/*!40101 SET @saved_cs_client     = @@character_set_client */;
/*!40101 SET character_set_client = utf8 */;
CREATE TABLE `enumerations` (
  `id` int(11) NOT NULL AUTO_INCREMENT,
  `opt` varchar(4) NOT NULL DEFAULT '',
  `name` varchar(30) NOT NULL DEFAULT '',
  `position` int(11) DEFAULT '1',
  `is_default` tinyint(1) NOT NULL DEFAULT '0',
  PRIMARY KEY (`id`)
) ENGINE=InnoDB AUTO_INCREMENT=10 DEFAULT CHARSET=utf8;
/*!40101 SET character_set_client = @saved_cs_client */;

--
-- Table structure for table `issue_categories`
--

DROP TABLE IF EXISTS `issue_categories`;
/*!40101 SET @saved_cs_client     = @@character_set_client */;
/*!40101 SET character_set_client = utf8 */;
CREATE TABLE `issue_categories` (
  `id` int(11) NOT NULL AUTO_INCREMENT,
  `project_id` int(11) NOT NULL DEFAULT '0',
  `name` varchar(30) NOT NULL DEFAULT '',
  `assigned_to_id` int(11) DEFAULT NULL,
  PRIMARY KEY (`id`),
  KEY `issue_categories_project_id` (`project_id`)
) ENGINE=InnoDB AUTO_INCREMENT=6 DEFAULT CHARSET=utf8;
/*!40101 SET character_set_client = @saved_cs_client */;

--
-- Table structure for table `issue_relations`
--

DROP TABLE IF EXISTS `issue_relations`;
/*!40101 SET @saved_cs_client     = @@character_set_client */;
/*!40101 SET character_set_client = utf8 */;
CREATE TABLE `issue_relations` (
  `id` int(11) NOT NULL AUTO_INCREMENT,
  `issue_from_id` int(11) NOT NULL,
  `issue_to_id` int(11) NOT NULL,
  `relation_type` varchar(255) NOT NULL DEFAULT '',
  `delay` int(11) DEFAULT NULL,
  PRIMARY KEY (`id`)
) ENGINE=InnoDB DEFAULT CHARSET=utf8;
/*!40101 SET character_set_client = @saved_cs_client */;

--
-- Table structure for table `issue_statuses`
--

DROP TABLE IF EXISTS `issue_statuses`;
/*!40101 SET @saved_cs_client     = @@character_set_client */;
/*!40101 SET character_set_client = utf8 */;
CREATE TABLE `issue_statuses` (
  `id` int(11) NOT NULL AUTO_INCREMENT,
  `name` varchar(30) NOT NULL DEFAULT '',
  `is_closed` tinyint(1) NOT NULL DEFAULT '0',
  `is_default` tinyint(1) NOT NULL DEFAULT '0',
  `position` int(11) DEFAULT '1',
  PRIMARY KEY (`id`)
) ENGINE=InnoDB AUTO_INCREMENT=7 DEFAULT CHARSET=utf8;
/*!40101 SET character_set_client = @saved_cs_client */;

--
-- Table structure for table `issues`
--

DROP TABLE IF EXISTS `issues`;
/*!40101 SET @saved_cs_client     = @@character_set_client */;
/*!40101 SET character_set_client = utf8 */;
CREATE TABLE `issues` (
  `id` int(11) NOT NULL AUTO_INCREMENT,
  `tracker_id` int(11) NOT NULL DEFAULT '0',
  `project_id` int(11) NOT NULL DEFAULT '0',
  `subject` varchar(255) NOT NULL DEFAULT '',
  `description` text,
  `due_date` date DEFAULT NULL,
  `category_id` int(11) DEFAULT NULL,
  `status_id` int(11) NOT NULL DEFAULT '0',
  `assigned_to_id` int(11) DEFAULT NULL,
  `priority_id` int(11) NOT NULL DEFAULT '0',
  `fixed_version_id` int(11) DEFAULT NULL,
  `author_id` int(11) NOT NULL DEFAULT '0',
  `lock_version` int(11) NOT NULL DEFAULT '0',
  `created_on` datetime DEFAULT NULL,
  `updated_on` datetime DEFAULT NULL,
  `start_date` date DEFAULT NULL,
  `done_ratio` int(11) NOT NULL DEFAULT '0',
  `estimated_hours` float DEFAULT NULL,
  PRIMARY KEY (`id`),
  KEY `issues_project_id` (`project_id`)
) ENGINE=InnoDB AUTO_INCREMENT=12 DEFAULT CHARSET=utf8;
/*!40101 SET character_set_client = @saved_cs_client */;

--
-- Table structure for table `journal_details`
--

DROP TABLE IF EXISTS `journal_details`;
/*!40101 SET @saved_cs_client     = @@character_set_client */;
/*!40101 SET character_set_client = utf8 */;
CREATE TABLE `journal_details` (
  `id` int(11) NOT NULL AUTO_INCREMENT,
  `journal_id` int(11) NOT NULL DEFAULT '0',
  `property` varchar(30) NOT NULL DEFAULT '',
  `prop_key` varchar(30) NOT NULL DEFAULT '',
  `old_value` varchar(255) DEFAULT NULL,
  `value` varchar(255) DEFAULT NULL,
  PRIMARY KEY (`id`),
  KEY `journal_details_journal_id` (`journal_id`)
) ENGINE=InnoDB AUTO_INCREMENT=2 DEFAULT CHARSET=utf8;
/*!40101 SET character_set_client = @saved_cs_client */;

--
-- Table structure for table `journals`
--

DROP TABLE IF EXISTS `journals`;
/*!40101 SET @saved_cs_client     = @@character_set_client */;
/*!40101 SET character_set_client = utf8 */;
CREATE TABLE `journals` (
  `id` int(11) NOT NULL AUTO_INCREMENT,
  `journalized_id` int(11) NOT NULL DEFAULT '0',
  `journalized_type` varchar(30) NOT NULL DEFAULT '',
  `user_id` int(11) NOT NULL DEFAULT '0',
  `notes` text,
  `created_on` datetime NOT NULL,
  PRIMARY KEY (`id`),
  KEY `journals_journalized_id` (`journalized_id`,`journalized_type`)
) ENGINE=InnoDB AUTO_INCREMENT=2 DEFAULT CHARSET=utf8;
/*!40101 SET character_set_client = @saved_cs_client */;
-- --------------------------------------------------------

--
-- Table structure for table `members`
--
DROP TABLE IF EXISTS `members`;
/*!40101 SET @saved_cs_client     = @@character_set_client */;
/*!40101 SET character_set_client = utf8 */;
CREATE TABLE `members` (
  `id` int(11) NOT NULL,
  `user_id` int(11) NOT NULL DEFAULT '0',
  `project_id` int(11) NOT NULL DEFAULT '0',
  `role_id` int(11) NOT NULL DEFAULT '0',
  `created_on` datetime DEFAULT NULL,
  `mail_notification` tinyint(1) NOT NULL DEFAULT '0',
  PRIMARY KEY (`id`)
) ENGINE=InnoDB DEFAULT CHARSET=utf8;

--
-- Dumping data for table `members`
--

INSERT INTO `members` (`id`, `user_id`, `project_id`, `role_id`, `created_on`, `mail_notification`) VALUES
(2, 10, 2, 3, '2009-07-27 02:03:33', 0),
(3, 20, 2, 4, '2009-07-27 02:03:33', 0),
(4, 170, 2, 4, '2017-01-02 03:04:55', 0),
(5, 11, 3, 3, '2009-07-27 02:03:33', 0),
(6, 21, 3, 4, '2009-07-27 02:03:33', 0),
(7, 170, 3, 3, '2017-01-02 03-04:55', 0),
(8, 170, 4, 6, '2017-02-02 04-04:55', 0);

--
-- Table structure for table `messages`
--

DROP TABLE IF EXISTS `messages`;
/*!40101 SET @saved_cs_client     = @@character_set_client */;
/*!40101 SET character_set_client = utf8 */;
CREATE TABLE `messages` (
  `id` int(11) NOT NULL AUTO_INCREMENT,
  `board_id` int(11) NOT NULL,
  `parent_id` int(11) DEFAULT NULL,
  `subject` varchar(255) NOT NULL DEFAULT '',
  `content` text,
  `author_id` int(11) DEFAULT NULL,
  `replies_count` int(11) NOT NULL DEFAULT '0',
  `last_reply_id` int(11) DEFAULT NULL,
  `created_on` datetime NOT NULL,
  `updated_on` datetime NOT NULL,
  `locked` tinyint(1) DEFAULT '0',
  `sticky` int(11) DEFAULT '0',
  PRIMARY KEY (`id`),
  KEY `messages_board_id` (`board_id`),
  KEY `messages_parent_id` (`parent_id`)
) ENGINE=InnoDB AUTO_INCREMENT=20 DEFAULT CHARSET=utf8;
/*!40101 SET character_set_client = @saved_cs_client */;

--
-- Table structure for table `news`
--

DROP TABLE IF EXISTS `news`;
/*!40101 SET @saved_cs_client     = @@character_set_client */;
/*!40101 SET character_set_client = utf8 */;
CREATE TABLE `news` (
  `id` int(11) NOT NULL AUTO_INCREMENT,
  `project_id` int(11) DEFAULT NULL,
  `title` varchar(60) NOT NULL DEFAULT '',
  `summary` varchar(255) DEFAULT '',
  `description` text,
  `author_id` int(11) NOT NULL DEFAULT '0',
  `created_on` datetime DEFAULT NULL,
  `comments_count` int(11) NOT NULL DEFAULT '0',
  PRIMARY KEY (`id`),
  KEY `news_project_id` (`project_id`)
) ENGINE=InnoDB AUTO_INCREMENT=16 DEFAULT CHARSET=utf8;
/*!40101 SET character_set_client = @saved_cs_client */;

--
-- Table structure for table `plugin_schema_info`
--

DROP TABLE IF EXISTS `plugin_schema_info`;
/*!40101 SET @saved_cs_client     = @@character_set_client */;
/*!40101 SET character_set_client = utf8 */;
CREATE TABLE `plugin_schema_info` (
  `plugin_name` varchar(255) DEFAULT NULL,
  `version` int(11) DEFAULT NULL
) ENGINE=MyISAM DEFAULT CHARSET=utf8;
/*!40101 SET character_set_client = @saved_cs_client */;
-- --------------------------------------------------------

--
-- Table structure for table `projects`
--

DROP TABLE IF EXISTS `projects`;
/*!40101 SET @saved_cs_client     = @@character_set_client */;
/*!40101 SET character_set_client = utf8 */;
CREATE TABLE `projects` (
  `id` int(11) NOT NULL,
  `name` varchar(30) NOT NULL DEFAULT '',
  `description` text,
  `homepage` varchar(255) DEFAULT '',
  `is_public` tinyint(1) NOT NULL DEFAULT '1',
  `parent_id` int(11) DEFAULT NULL,
  `projects_count` int(11) DEFAULT '0',
  `created_on` datetime DEFAULT NULL,
  `updated_on` datetime DEFAULT NULL,
  `identifier` varchar(20) DEFAULT NULL,
  `status` int(11) NOT NULL DEFAULT '1',
  PRIMARY KEY (`id`)
) ENGINE=InnoDB DEFAULT CHARSET=utf8;

--
-- Dumping data for table `projects`
--

INSERT INTO `projects` (`id`, `name`, `description`, `homepage`, `is_public`, `parent_id`, `projects_count`, `created_on`, `updated_on`, `identifier`, `status`) VALUES
(1, 'LD Test', 'LD API Test project', '', 0, NULL, 0, '2009-07-23 09:56:52', '2017-02-24 09:56:52', 'ld-test', 1),
(2, 'LD Test Dictioñary', 'LD API Test Dictionary project', '', 1, NULL, 0, '2011-07-24 05:24:19', '2017-02-24 02:33:33', 'test-ld-dictionary', 1),
(3, 'LD API Test Flex', 'LD API Test FLEx project', '', 1, NULL, 0, '2012-09-21 02:44:47', '2017-02-24 02:44:47', 'test-ld-flex', 1),
(4, 'LD API Test Demo', 'LD API Test Demo project', '', 1, NULL, 0, '2013-09-21 02:44:47', '2017-02-24 02:44:47', 'test-ld-demo', 1),
(5, 'LD API Test AdaptIT', 'LD API Test AdaptIT project', '', 1, NULL, 0, '2014-09-21 02:44:47', '2017-02-24 02:44:47', 'test-ld-adapt', 1),
(6, 'LD API Test Training', 'LD API Test Training project', '', 1, NULL, 0, '2015-09-21 02:44:47', '2017-02-24 02:44:47', 'test-ld-training', 1),
(7, 'LD API UTF8 Eñcoding', 'LD API Test UTF8 Eñcoding', '', 0, NULL, 0, '2016-08-10 07:30:45', '2017-03-01 08:10:20', 'test-ld-utf8', 1);

-- --------------------------------------------------------

--
-- Table structure for table `projects_trackers`
--

DROP TABLE IF EXISTS `projects_trackers`;
/*!40101 SET @saved_cs_client     = @@character_set_client */;
/*!40101 SET character_set_client = utf8 */;
CREATE TABLE `projects_trackers` (
  `project_id` int(11) NOT NULL DEFAULT '0',
  `tracker_id` int(11) NOT NULL DEFAULT '0',
  KEY `projects_trackers_project_id` (`project_id`)
) ENGINE=InnoDB DEFAULT CHARSET=utf8;
/*!40101 SET character_set_client = @saved_cs_client */;

--
-- Table structure for table `queries`
--

DROP TABLE IF EXISTS `queries`;
/*!40101 SET @saved_cs_client     = @@character_set_client */;
/*!40101 SET character_set_client = utf8 */;
CREATE TABLE `queries` (
  `id` int(11) NOT NULL AUTO_INCREMENT,
  `project_id` int(11) DEFAULT NULL,
  `name` varchar(255) NOT NULL DEFAULT '',
  `filters` text,
  `user_id` int(11) NOT NULL DEFAULT '0',
  `is_public` tinyint(1) NOT NULL DEFAULT '0',
  `column_names` text,
  PRIMARY KEY (`id`)
) ENGINE=InnoDB DEFAULT CHARSET=utf8;
/*!40101 SET character_set_client = @saved_cs_client */;

--
-- Table structure for table `repositories`
--

DROP TABLE IF EXISTS `repositories`;
/*!40101 SET @saved_cs_client     = @@character_set_client */;
/*!40101 SET character_set_client = utf8 */;
CREATE TABLE `repositories` (
  `id` int(11) NOT NULL AUTO_INCREMENT,
  `project_id` int(11) NOT NULL DEFAULT '0',
  `url` varchar(255) NOT NULL DEFAULT '',
  `login` varchar(60) DEFAULT '',
  `password` varchar(60) DEFAULT '',
  `root_url` varchar(255) DEFAULT '',
  `type` varchar(255) DEFAULT NULL,
  PRIMARY KEY (`id`)
) ENGINE=InnoDB AUTO_INCREMENT=1233 DEFAULT CHARSET=utf8;
/*!40101 SET character_set_client = @saved_cs_client */;

--
-- Table structure for table `roles`
--

DROP TABLE IF EXISTS `roles`;
/*!40101 SET @saved_cs_client     = @@character_set_client */;
/*!40101 SET character_set_client = utf8 */;
CREATE TABLE `roles` (
  `id` int(11) NOT NULL AUTO_INCREMENT,
  `name` varchar(30) NOT NULL DEFAULT '',
  `position` int(11) DEFAULT '1',
  `assignable` tinyint(1) DEFAULT '1',
  `builtin` int(11) NOT NULL DEFAULT '0',
  `permissions` text,
  PRIMARY KEY (`id`)
) ENGINE=InnoDB AUTO_INCREMENT=7 DEFAULT CHARSET=utf8;
/*!40101 SET character_set_client = @saved_cs_client */;

INSERT INTO `roles` (`id`, `name`, `position`, `assignable`, `builtin`, `permissions`) VALUES
(1, 'Non member', 1, 1, 1, '--- \n- :add_messages\n- :view_documents\n- :view_files\n- :add_issues\n- :add_issue_notes\n- :save_queries\n- :view_gantt\n- :view_calendar\n- :comment_news\n- :view_time_entries\n- :view_wiki_pages\n- :view_wiki_edits\n'),
(2, 'Anonymous', 2, 1, 2, '--- \n- :view_documents\n- :view_files\n- :view_gantt\n- :view_calendar\n- :view_time_entries\n- :view_wiki_pages\n- :view_wiki_edits\n'),
(3, 'Manager', 3, 1, 0, '--- \n- :edit_project\n- :select_project_modules\n- :manage_members\n- :manage_versions\n- :manage_boards\n- :add_messages\n- :edit_messages\n- :edit_own_messages\n- :delete_messages\n- :delete_own_messages\n- :manage_documents\n- :view_documents\n- :manage_files\n- :view_files\n- :manage_categories\n- :add_issues\n- :edit_issues\n- :manage_issue_relations\n- :add_issue_notes\n- :edit_issue_notes\n- :edit_own_issue_notes\n- :move_issues\n- :delete_issues\n- :manage_public_queries\n- :save_queries\n- :view_gantt\n- :view_calendar\n- :view_issue_watchers\n- :add_issue_watchers\n- :manage_news\n- :comment_news\n- :manage_repository\n- :browse_repository\n- :view_changesets\n- :commit_access\n- :log_time\n- :view_time_entries\n- :edit_time_entries\n- :edit_own_time_entries\n- :rename_wiki_pages\n- :delete_wiki_pages\n- :view_wiki_pages\n- :view_wiki_edits\n- :edit_wiki_pages\n- :delete_wiki_pages_attachments\n- :protect_wiki_pages\n'),
(4, 'Contributer', 4, 1, 0, '--- \n- :manage_versions\n- :add_messages\n- :edit_own_messages\n- :manage_documents\n- :view_documents\n- :manage_files\n- :view_files\n- :manage_categories\n- :add_issues\n- :edit_issues\n- :manage_issue_relations\n- :add_issue_notes\n- :edit_own_issue_notes\n- :save_queries\n- :view_gantt\n- :view_calendar\n- :view_issue_watchers\n- :manage_news\n- :comment_news\n- :browse_repository\n- :view_changesets\n- :commit_access\n- :log_time\n- :view_time_entries\n- :rename_wiki_pages\n- :delete_wiki_pages\n- :view_wiki_pages\n- :view_wiki_edits\n- :edit_wiki_pages\n- :delete_wiki_pages_attachments\n- :protect_wiki_pages\n'),
(5, 'Obv - do not use', 5, 1, 0, '--- \n- :add_messages\n- :edit_own_messages\n- :view_documents\n- :view_files\n- :add_issues\n- :add_issue_notes\n- :save_queries\n- :view_gantt\n- :view_calendar\n- :comment_news\n- :browse_repository\n- :view_changesets\n- :log_time\n- :view_time_entries\n- :view_wiki_pages\n- :view_wiki_edits\n'),
(6, 'LanguageDepotProgrammer', 6, 1, 0, '--- \n- :add_messages\n- :view_documents\n- :view_files\n- :add_issues\n- :add_issue_notes\n- :save_queries\n- :view_gantt\n- :view_calendar\n- :comment_news\n- :browse_repository\n- :view_changesets\n- :view_time_entries\n');


--
-- Table structure for table `schema_migrations`
--

DROP TABLE IF EXISTS `schema_migrations`;
/*!40101 SET @saved_cs_client     = @@character_set_client */;
/*!40101 SET character_set_client = utf8 */;
CREATE TABLE `schema_migrations` (
  `version` varchar(255) NOT NULL,
  UNIQUE KEY `unique_schema_migrations` (`version`)
) ENGINE=InnoDB DEFAULT CHARSET=utf8;
/*!40101 SET character_set_client = @saved_cs_client */;

--
-- Table structure for table `settings`
--

DROP TABLE IF EXISTS `settings`;
/*!40101 SET @saved_cs_client     = @@character_set_client */;
/*!40101 SET character_set_client = utf8 */;
CREATE TABLE `settings` (
  `id` int(11) NOT NULL AUTO_INCREMENT,
  `name` varchar(30) NOT NULL DEFAULT '',
  `value` text,
  `updated_on` datetime DEFAULT NULL,
  PRIMARY KEY (`id`)
) ENGINE=InnoDB AUTO_INCREMENT=42 DEFAULT CHARSET=utf8;
/*!40101 SET character_set_client = @saved_cs_client */;

--
-- Table structure for table `time_entries`
--

DROP TABLE IF EXISTS `time_entries`;
/*!40101 SET @saved_cs_client     = @@character_set_client */;
/*!40101 SET character_set_client = utf8 */;
CREATE TABLE `time_entries` (
  `id` int(11) NOT NULL AUTO_INCREMENT,
  `project_id` int(11) NOT NULL,
  `user_id` int(11) NOT NULL,
  `issue_id` int(11) DEFAULT NULL,
  `hours` float NOT NULL,
  `comments` varchar(255) DEFAULT NULL,
  `activity_id` int(11) NOT NULL,
  `spent_on` date NOT NULL,
  `tyear` int(11) NOT NULL,
  `tmonth` int(11) NOT NULL,
  `tweek` int(11) NOT NULL,
  `created_on` datetime NOT NULL,
  `updated_on` datetime NOT NULL,
  PRIMARY KEY (`id`),
  KEY `time_entries_project_id` (`project_id`),
  KEY `time_entries_issue_id` (`issue_id`)
) ENGINE=InnoDB AUTO_INCREMENT=3 DEFAULT CHARSET=utf8;
/*!40101 SET character_set_client = @saved_cs_client */;

--
-- Table structure for table `tokens`
--

DROP TABLE IF EXISTS `tokens`;
/*!40101 SET @saved_cs_client     = @@character_set_client */;
/*!40101 SET character_set_client = utf8 */;
CREATE TABLE `tokens` (
  `id` int(11) NOT NULL AUTO_INCREMENT,
  `user_id` int(11) NOT NULL DEFAULT '0',
  `action` varchar(30) NOT NULL DEFAULT '',
  `value` varchar(40) NOT NULL DEFAULT '',
  `created_on` datetime NOT NULL,
  PRIMARY KEY (`id`)
) ENGINE=InnoDB AUTO_INCREMENT=5339 DEFAULT CHARSET=utf8;
/*!40101 SET character_set_client = @saved_cs_client */;

--
-- Table structure for table `trackers`
--

DROP TABLE IF EXISTS `trackers`;
/*!40101 SET @saved_cs_client     = @@character_set_client */;
/*!40101 SET character_set_client = utf8 */;
CREATE TABLE `trackers` (
  `id` int(11) NOT NULL AUTO_INCREMENT,
  `name` varchar(30) NOT NULL DEFAULT '',
  `is_in_chlog` tinyint(1) NOT NULL DEFAULT '0',
  `position` int(11) DEFAULT '1',
  `is_in_roadmap` tinyint(1) NOT NULL DEFAULT '1',
  PRIMARY KEY (`id`)
) ENGINE=InnoDB AUTO_INCREMENT=4 DEFAULT CHARSET=utf8;
/*!40101 SET character_set_client = @saved_cs_client */;

--
-- Table structure for table `user_preferences`
--

DROP TABLE IF EXISTS `user_preferences`;
/*!40101 SET @saved_cs_client     = @@character_set_client */;
/*!40101 SET character_set_client = utf8 */;
CREATE TABLE `user_preferences` (
  `id` int(11) NOT NULL AUTO_INCREMENT,
  `user_id` int(11) NOT NULL DEFAULT '0',
  `others` text,
  `hide_mail` tinyint(1) DEFAULT '0',
  `time_zone` varchar(255) DEFAULT NULL,
  PRIMARY KEY (`id`)
) ENGINE=InnoDB AUTO_INCREMENT=1811 DEFAULT CHARSET=utf8;
/*!40101 SET character_set_client = @saved_cs_client */;

--
-- Table structure for table `users`
--

DROP TABLE IF EXISTS `users`;
/*!40101 SET @saved_cs_client     = @@character_set_client */;
/*!40101 SET character_set_client = utf8 */;
CREATE TABLE `users` (
  `id` int(11) NOT NULL,
  `login` varchar(30) NOT NULL DEFAULT '',
  `hashed_password` varchar(40) NOT NULL DEFAULT '',
  `firstname` varchar(30) NOT NULL DEFAULT '',
  `lastname` varchar(30) NOT NULL DEFAULT '',
  `mail` varchar(60) NOT NULL DEFAULT '',
  `mail_notification` tinyint(1) NOT NULL DEFAULT '1',
  `admin` tinyint(1) NOT NULL DEFAULT '0',
  `status` int(11) NOT NULL DEFAULT '1',
  `last_login_on` datetime DEFAULT NULL,
  `language` varchar(5) DEFAULT '',
  `auth_source_id` int(11) DEFAULT NULL,
  `created_on` datetime DEFAULT NULL,
  `updated_on` datetime DEFAULT NULL,
  `type` varchar(255) DEFAULT NULL,
  PRIMARY KEY (`id`)
) ENGINE=InnoDB DEFAULT CHARSET=utf8;

--
-- Dumping data for table `users`
--

INSERT INTO `users` (`id`, `login`, `hashed_password`, `firstname`, `lastname`, `mail`, `mail_notification`, `admin`, `status`, `last_login_on`, `language`, `auth_source_id`, `created_on`, `updated_on`, `type`) VALUES
(1, 'admin', '5857a28060d630a5ed9e0bfd4e6e17a76fa41b79', 'Admin', 'User', 'manager@example.net', 0, 1, 1, '2009-07-23 08:44:48', 'en', NULL, '2009-07-22 06:32:07', '2009-07-23 08:45:37', NULL),
(10, 'manager1', 'bc852d2e71e76cf734e3a4b74619bc28d867c8bd', 'Manager1', 'User', 'manager1@example.net', 0, 0, 1, '2009-07-23 08:44:48', 'en', NULL, '2009-07-22 06:32:07', '2009-07-23 08:45:37', NULL),
(11, 'manager2', '5857a28060d630a5ed9e0bfd4e6e17a76fa41b79', 'Manager2', 'User', 'manager2@example.net', 0, 0, 1, '2009-07-23 08:44:48', 'en', NULL, '2009-07-22 06:32:07', '2009-07-23 08:45:37', NULL),
(20, 'user1', '02484720fe235a6fa352ffa0d5dac80897008ec0', 'User', 'One', 'user1@example.net', 0, 0, 1, '2015-10-16 09:08:39', 'en', NULL, '2009-07-23 08:40:51', '2015-10-16 09:08:39', NULL),
(21, 'user2', '3dd4ba95e5e68cd43d430a1a2d74a9ce75957be9', 'User', 'Two', 'user2@example.net', 0, 0, 1, '2015-10-16 09:08:39', 'en', NULL, '2009-07-23 08:40:51', '2015-10-16 09:08:39', NULL),
(170, 'test', 'd8bebbafb32fbb0545773ce30dbcfb29e7573050', 'Test', 'Palaso', 'test@example.net', 0, 0, 1, '2015-10-16 09:08:39', 'en', NULL, '2010-09-09 03:29:15', '2012-08-30 09:49:02', NULL);

--
-- Table structure for table `versions`
--

DROP TABLE IF EXISTS `versions`;
/*!40101 SET @saved_cs_client     = @@character_set_client */;
/*!40101 SET character_set_client = utf8 */;
CREATE TABLE `versions` (
  `id` int(11) NOT NULL AUTO_INCREMENT,
  `project_id` int(11) NOT NULL DEFAULT '0',
  `name` varchar(255) NOT NULL DEFAULT '',
  `description` varchar(255) DEFAULT '',
  `effective_date` date DEFAULT NULL,
  `created_on` datetime DEFAULT NULL,
  `updated_on` datetime DEFAULT NULL,
  `wiki_page_title` varchar(255) DEFAULT NULL,
  PRIMARY KEY (`id`),
  KEY `versions_project_id` (`project_id`)
) ENGINE=InnoDB AUTO_INCREMENT=14 DEFAULT CHARSET=utf8;
/*!40101 SET character_set_client = @saved_cs_client */;

--
-- Table structure for table `watchers`
--

DROP TABLE IF EXISTS `watchers`;
/*!40101 SET @saved_cs_client     = @@character_set_client */;
/*!40101 SET character_set_client = utf8 */;
CREATE TABLE `watchers` (
  `id` int(11) NOT NULL AUTO_INCREMENT,
  `watchable_type` varchar(255) NOT NULL DEFAULT '',
  `watchable_id` int(11) NOT NULL DEFAULT '0',
  `user_id` int(11) DEFAULT NULL,
  PRIMARY KEY (`id`)
) ENGINE=InnoDB AUTO_INCREMENT=23 DEFAULT CHARSET=utf8;
/*!40101 SET character_set_client = @saved_cs_client */;

--
-- Table structure for table `wiki_content_versions`
--

DROP TABLE IF EXISTS `wiki_content_versions`;
/*!40101 SET @saved_cs_client     = @@character_set_client */;
/*!40101 SET character_set_client = utf8 */;
CREATE TABLE `wiki_content_versions` (
  `id` int(11) NOT NULL AUTO_INCREMENT,
  `wiki_content_id` int(11) NOT NULL,
  `page_id` int(11) NOT NULL,
  `author_id` int(11) DEFAULT NULL,
  `data` blob,
  `compression` varchar(6) DEFAULT '',
  `comments` varchar(255) DEFAULT '',
  `updated_on` datetime NOT NULL,
  `version` int(11) NOT NULL,
  PRIMARY KEY (`id`),
  KEY `wiki_content_versions_wcid` (`wiki_content_id`)
) ENGINE=InnoDB AUTO_INCREMENT=85 DEFAULT CHARSET=utf8;
/*!40101 SET character_set_client = @saved_cs_client */;

--
-- Table structure for table `wiki_contents`
--

DROP TABLE IF EXISTS `wiki_contents`;
/*!40101 SET @saved_cs_client     = @@character_set_client */;
/*!40101 SET character_set_client = utf8 */;
CREATE TABLE `wiki_contents` (
  `id` int(11) NOT NULL AUTO_INCREMENT,
  `page_id` int(11) NOT NULL,
  `author_id` int(11) DEFAULT NULL,
  `text` text,
  `comments` varchar(255) DEFAULT '',
  `updated_on` datetime NOT NULL,
  `version` int(11) NOT NULL,
  PRIMARY KEY (`id`),
  KEY `wiki_contents_page_id` (`page_id`)
) ENGINE=InnoDB AUTO_INCREMENT=25 DEFAULT CHARSET=utf8;
/*!40101 SET character_set_client = @saved_cs_client */;

--
-- Table structure for table `wiki_pages`
--

DROP TABLE IF EXISTS `wiki_pages`;
/*!40101 SET @saved_cs_client     = @@character_set_client */;
/*!40101 SET character_set_client = utf8 */;
CREATE TABLE `wiki_pages` (
  `id` int(11) NOT NULL AUTO_INCREMENT,
  `wiki_id` int(11) NOT NULL,
  `title` varchar(255) NOT NULL,
  `created_on` datetime NOT NULL,
  `protected` tinyint(1) NOT NULL DEFAULT '0',
  `parent_id` int(11) DEFAULT NULL,
  PRIMARY KEY (`id`),
  KEY `wiki_pages_wiki_id_title` (`wiki_id`,`title`)
) ENGINE=InnoDB AUTO_INCREMENT=25 DEFAULT CHARSET=utf8;
/*!40101 SET character_set_client = @saved_cs_client */;

--
-- Table structure for table `wiki_redirects`
--

DROP TABLE IF EXISTS `wiki_redirects`;
/*!40101 SET @saved_cs_client     = @@character_set_client */;
/*!40101 SET character_set_client = utf8 */;
CREATE TABLE `wiki_redirects` (
  `id` int(11) NOT NULL AUTO_INCREMENT,
  `wiki_id` int(11) NOT NULL,
  `title` varchar(255) DEFAULT NULL,
  `redirects_to` varchar(255) DEFAULT NULL,
  `created_on` datetime NOT NULL,
  PRIMARY KEY (`id`),
  KEY `wiki_redirects_wiki_id_title` (`wiki_id`,`title`)
) ENGINE=InnoDB AUTO_INCREMENT=5 DEFAULT CHARSET=utf8;
/*!40101 SET character_set_client = @saved_cs_client */;

--
-- Table structure for table `wikis`
--

DROP TABLE IF EXISTS `wikis`;
/*!40101 SET @saved_cs_client     = @@character_set_client */;
/*!40101 SET character_set_client = utf8 */;
CREATE TABLE `wikis` (
  `id` int(11) NOT NULL AUTO_INCREMENT,
  `project_id` int(11) NOT NULL,
  `start_page` varchar(255) NOT NULL,
  `status` int(11) NOT NULL DEFAULT '1',
  PRIMARY KEY (`id`),
  KEY `wikis_project_id` (`project_id`)
) ENGINE=InnoDB AUTO_INCREMENT=16 DEFAULT CHARSET=utf8;
/*!40101 SET character_set_client = @saved_cs_client */;

--
-- Table structure for table `workflows`
--

DROP TABLE IF EXISTS `workflows`;
/*!40101 SET @saved_cs_client     = @@character_set_client */;
/*!40101 SET character_set_client = utf8 */;
CREATE TABLE `workflows` (
  `id` int(11) NOT NULL AUTO_INCREMENT,
  `tracker_id` int(11) NOT NULL DEFAULT '0',
  `old_status_id` int(11) NOT NULL DEFAULT '0',
  `new_status_id` int(11) NOT NULL DEFAULT '0',
  `role_id` int(11) NOT NULL DEFAULT '0',
  PRIMARY KEY (`id`),
  KEY `wkfs_role_tracker_old_status` (`role_id`,`tracker_id`,`old_status_id`)
) ENGINE=InnoDB AUTO_INCREMENT=160 DEFAULT CHARSET=utf8;
/*!40101 SET character_set_client = @saved_cs_client */;
/*!40103 SET TIME_ZONE=@OLD_TIME_ZONE */;

/*!40101 SET SQL_MODE=@OLD_SQL_MODE */;
/*!40014 SET FOREIGN_KEY_CHECKS=@OLD_FOREIGN_KEY_CHECKS */;
/*!40014 SET UNIQUE_CHECKS=@OLD_UNIQUE_CHECKS */;
/*!40101 SET CHARACTER_SET_CLIENT=@OLD_CHARACTER_SET_CLIENT */;
/*!40101 SET CHARACTER_SET_RESULTS=@OLD_CHARACTER_SET_RESULTS */;
/*!40101 SET COLLATION_CONNECTION=@OLD_COLLATION_CONNECTION */;
/*!40111 SET SQL_NOTES=@OLD_SQL_NOTES */;

